FinalCustomerName,Segment,BU,DU,Month,Revenue
A1,Plant Engineering,DIGITAL MANUFACTURING SERVICES,MECHANICAL SERVICES,Apr,13861.62606108
A1,Plant Engineering,DIGITAL MANUFACTURING SERVICES,MECHANICAL SERVICES,Jun,8213.5909155
A1,Plant Engineering,DIGITAL MANUFACTURING SERVICES,MECHANICAL SERVICES,May,9494.53245328
A1,Plant Engineering,DIGITAL MANUFACTURING SERVICES,PRODUCT LIFECYCLE MGMT,Apr,-0.008125430000177378
A1,Plant Engineering,DIGITAL MANUFACTURING SERVICES,SMART MANUFACTURING & SOURCING,Apr,148105.92593151
A1,Plant Engineering,DIGITAL MANUFACTURING SERVICES,SMART MANUFACTURING & SOURCING,Jun,153776.77728453
A1,Plant Engineering,DIGITAL MANUFACTURING SERVICES,SMART MANUFACTURING & SOURCING,May,126023.20918304
A1,Plant Engineering,DIGITAL PRODUCTS & SERVICES,DIGITAL PE & MOBILITY,Apr,12297.2695249
A1,Plant Engineering,DIGITAL PRODUCTS & SERVICES,DIGITAL PE & MOBILITY,Jun,23714.067455
A1,Plant Engineering,DIGITAL PRODUCTS & SERVICES,DIGITAL PE & MOBILITY,May,27257.94124778
A1,Plant Engineering,FMCG,FMCG,Apr,31368.092508120004
A1,Plant Engineering,FMCG,FMCG,Jun,58242.98473484
A1,Plant Engineering,FMCG,FMCG,May,49363.35232224
A1,Plant Engineering,FMCG,PSCG,Apr,2018887.4838333
A1,Plant Engineering,FMCG,PSCG,Jun,2082667.3153296001
A1,Plant Engineering,FMCG,PSCG,May,2069122.98731002
A1,Plant Engineering,INTEGRATED ASSET MGMT,INTEGRATED ASSET MGMT,Apr,4026.963108
A1,Plant Engineering,INTEGRATED ASSET MGMT,INTEGRATED ASSET MGMT,Jun,2875.77656189
A1,Plant Engineering,INTEGRATED ASSET MGMT,INTEGRATED ASSET MGMT,May,4026.963108
A1,Plant Engineering,SYSTEM INTEGRATION,SI - ENTERPRISES - LTTS,Apr,0.18688488999964492
A1,Plant Engineering,SYSTEM INTEGRATION,SI - ENTERPRISES - LTTS,Jun,43207.80281886
A1,Plant Engineering,SYSTEM INTEGRATION,SI - ENTERPRISES - LTTS,May,-5369.67416464
A10,Plant Engineering,DIGITAL MANUFACTURING SERVICES,MECHANICAL SERVICES,Apr,12836.2292968
A10,Plant Engineering,DIGITAL MANUFACTURING SERVICES,MECHANICAL SERVICES,Jun,15551.585494200002
A10,Plant Engineering,DIGITAL MANUFACTURING SERVICES,MECHANICAL SERVICES,May,14114.928215900001
A10,Plant Engineering,DIGITAL MANUFACTURING SERVICES,SMART MANUFACTURING & SOURCING,Apr,2627.1952819000003
A10,Plant Engineering,DIGITAL MANUFACTURING SERVICES,SMART MANUFACTURING & SOURCING,Jun,2750.6205636
A10,Plant Engineering,DIGITAL MANUFACTURING SERVICES,SMART MANUFACTURING & SOURCING,May,2830.3310319
A10,Plant Engineering,FMCG,FMCG,Apr,84440.26485214
A10,Plant Engineering,FMCG,FMCG,Jun,75995.2779411
A10,Plant Engineering,FMCG,FMCG,May,83846.1496614
A10,Transportation,AEROSPACE & RAIL,AEROSPACE & RAIL,Apr,19759.120033090003
A10,Transportation,AEROSPACE & RAIL,AEROSPACE & RAIL,Jun,18867.87411811
A10,Transportation,AEROSPACE & RAIL,AEROSPACE & RAIL,May,19182.791408620003
A10,Transportation,EMBEDDED ENGINEERING AND V&V GROUP,V&V - TRANSPORTATION,Apr,25044.062213690002
A10,Transportation,EMBEDDED ENGINEERING AND V&V GROUP,V&V - TRANSPORTATION,Jun,26067.56575278
A10,Transportation,EMBEDDED ENGINEERING AND V&V GROUP,V&V - TRANSPORTATION,May,27700.50091816
A100,Plant Engineering,FMCG,FMCG,Apr,522.3432675500001
A100,Plant Engineering,FMCG,FMCG,Jun,503.76040914
A100,Plant Engineering,FMCG,FMCG,May,523.31019372
A101,Plant Engineering,FMCG,FMCG,Jun,2439.95287298
A101,Plant Engineering,FMCG,FMCG,May,2029.03362702
A102,Plant Engineering,FMCG,FMCG,Apr,16520.42114025
A102,Plant Engineering,FMCG,FMCG,Jun,12635.00302285
A102,Plant Engineering,FMCG,FMCG,May,6086.759613
A103,Plant Engineering,FMCG,FMCG,Apr,533.23134375
A103,Plant Engineering,FMCG,FMCG,Jun,279.31165625
A103,Plant Engineering,FMCG,FMCG,May,0.0
A105,Plant Engineering,DIGITAL MANUFACTURING SERVICES,MECHANICAL SERVICES,Jun,4067.8583971900002
A105,Plant Engineering,DIGITAL MANUFACTURING SERVICES,MECHANICAL SERVICES,May,3552.3567417
A105,Plant Engineering,FMCG,FMCG,Jun,388.93183238
A106,Plant Engineering,FMCG,FMCG,Jun,6422.3154957100005
A107,Transportation,AEROSPACE & RAIL,AEROSPACE & RAIL,Apr,4322.72876
A107,Transportation,AEROSPACE & RAIL,AEROSPACE & RAIL,Jun,-2047.60836
A107,Transportation,AEROSPACE & RAIL,AEROSPACE & RAIL,May,3412.6806
A107,Transportation,DIGITAL MANUFACTURING SERVICES,MECHANICAL SERVICES,Apr,7519.72794608
A107,Transportation,EMBEDDED ENGINEERING AND V&V GROUP,EMBEDDED HW & SW ENGINEERING,Apr,2106.2414628799997
A107,Transportation,EMBEDDED ENGINEERING AND V&V GROUP,EMBEDDED HW & SW ENGINEERING,Jun,0.0
A107,Transportation,EMBEDDED ENGINEERING AND V&V GROUP,EMBEDDED HW & SW ENGINEERING,May,2477.9311328
A107,Transportation,EMBEDDED ENGINEERING AND V&V GROUP,V&V - TRANSPORTATION,Apr,2233.77821216
A107,Transportation,EMBEDDED ENGINEERING AND V&V GROUP,V&V - TRANSPORTATION,Jun,0.0
A107,Transportation,EMBEDDED ENGINEERING AND V&V GROUP,V&V - TRANSPORTATION,May,2275.1204000000002
A108,Transportation,AEROSPACE & RAIL,AEROSPACE & RAIL,Apr,48757.455258
A108,Transportation,AEROSPACE & RAIL,AEROSPACE & RAIL,Jun,42217.296651
A108,Transportation,AEROSPACE & RAIL,AEROSPACE & RAIL,May,44284.406042999995
A108,Transportation,EMBEDDED ENGINEERING AND V&V GROUP,V&V - TRANSPORTATION,Apr,26509.215375
A108,Transportation,EMBEDDED ENGINEERING AND V&V GROUP,V&V - TRANSPORTATION,Jun,25229.46015
A108,Transportation,EMBEDDED ENGINEERING AND V&V GROUP,V&V - TRANSPORTATION,May,22852.771875
A11,Plant Engineering,FMCG,FMCG,Apr,8128.55016512
A11,Plant Engineering,FMCG,FMCG,Jun,5750.33430928
A11,Plant Engineering,FMCG,FMCG,May,8114.639428959999
A11,Plant Engineering,FMCG,PSCG,Jun,-4.01396242
A11,Plant Engineering,FMCG,PSCG,May,4.01396242
A110,Transportation,AEROSPACE & RAIL,AEROSPACE & RAIL,Jun,86504.85536084001
A111,Transportation,AEROSPACE & RAIL,AEROSPACE & RAIL,Apr,13584.093874
A111,Transportation,AEROSPACE & RAIL,AEROSPACE & RAIL,Jun,5574.044980000001
A111,Transportation,AEROSPACE & RAIL,AEROSPACE & RAIL,May,10114.535264
A111,Transportation,DIGITAL MANUFACTURING SERVICES,MECHANICAL SERVICES,Apr,44004.891251
A111,Transportation,DIGITAL MANUFACTURING SERVICES,MECHANICAL SERVICES,Jun,33685.595151
A111,Transportation,DIGITAL MANUFACTURING SERVICES,MECHANICAL SERVICES,May,44577.734066000005
A111,Transportation,DIGITAL MANUFACTURING SERVICES,SMART MANUFACTURING & SOURCING,Apr,89222.096658
A111,Transportation,DIGITAL MANUFACTURING SERVICES,SMART MANUFACTURING & SOURCING,Jun,78494.903972
A111,Transportation,DIGITAL MANUFACTURING SERVICES,SMART MANUFACTURING & SOURCING,May,64369.656460000006
A111,Transportation,DIGITAL PRODUCTS & SERVICES,DIGITAL IP & MEDICAL,Apr,4343.854878
A111,Transportation,DIGITAL PRODUCTS & SERVICES,DIGITAL IP & MEDICAL,Jun,3751.511031
A111,Transportation,DIGITAL PRODUCTS & SERVICES,DIGITAL IP & MEDICAL,May,4146.406929
A111,Transportation,DIGITAL PRODUCTS & SERVICES,DIGITAL PE & MOBILITY,Apr,13978.656629370002
A111,Transportation,DIGITAL PRODUCTS & SERVICES,DIGITAL PE & MOBILITY,Jun,24771.90093584
A111,Transportation,DIGITAL PRODUCTS & SERVICES,DIGITAL PE & MOBILITY,May,11140.57393725
A111,Transportation,EMBEDDED ENGINEERING AND V&V GROUP,EMBEDDED HW & SW ENGINEERING,Jun,27886.47576
A111,Transportation,EMBEDDED ENGINEERING AND V&V GROUP,V&V - TRANSPORTATION,Jun,17063.403000000002
A112,Transportation,AEROSPACE & RAIL,AEROSPACE & RAIL,Apr,29142.35034623
A112,Transportation,AEROSPACE & RAIL,AEROSPACE & RAIL,Jun,12213.756355360001
A112,Transportation,AEROSPACE & RAIL,AEROSPACE & RAIL,May,10526.80333134
A112,Transportation,DIGITAL MANUFACTURING SERVICES,SMART MANUFACTURING & SOURCING,Apr,9778.67061495
A112,Transportation,DIGITAL MANUFACTURING SERVICES,SMART MANUFACTURING & SOURCING,Jun,9886.86884083
A112,Transportation,DIGITAL MANUFACTURING SERVICES,SMART MANUFACTURING & SOURCING,May,9786.78791952
A113,Transportation,AEROSPACE & RAIL,AEROSPACE & RAIL,Apr,4918.70467421
A113,Transportation,AEROSPACE & RAIL,AEROSPACE & RAIL,Jun,3647.35114383
A113,Transportation,AEROSPACE & RAIL,AEROSPACE & RAIL,May,4078.18581872
A113,Transportation,DIGITAL MANUFACTURING SERVICES,MECHANICAL SERVICES,Apr,6174.40862641
A113,Transportation,DIGITAL MANUFACTURING SERVICES,MECHANICAL SERVICES,Jun,3290.90478059
A113,Transportation,DIGITAL MANUFACTURING SERVICES,MECHANICAL SERVICES,May,6149.54481061
A113,Transportation,EMBEDDED ENGINEERING AND V&V GROUP,EMBEDDED HW & SW ENGINEERING,Apr,4710.36864901
A113,Transportation,EMBEDDED ENGINEERING AND V&V GROUP,EMBEDDED HW & SW ENGINEERING,Jun,3379.707605059999
A113,Transportation,EMBEDDED ENGINEERING AND V&V GROUP,EMBEDDED HW & SW ENGINEERING,May,3994.8514086399914
A114,Transportation,AEROSPACE & RAIL,AEROSPACE & RAIL,Apr,38185.67767161
A114,Transportation,AEROSPACE & RAIL,AEROSPACE & RAIL,Jun,54953.51002993
A114,Transportation,AEROSPACE & RAIL,AEROSPACE & RAIL,May,48314.13992263
A114,Transportation,DIGITAL MANUFACTURING SERVICES,MECHANICAL SERVICES,Apr,25205.03510742
A114,Transportation,DIGITAL MANUFACTURING SERVICES,MECHANICAL SERVICES,Jun,26800.763928829998
A114,Transportation,DIGITAL MANUFACTURING SERVICES,MECHANICAL SERVICES,May,23659.96021663
A114,Transportation,EMBEDDED ENGINEERING AND V&V GROUP,V&V - M&T AND IP,Apr,26102.976376720002
A114,Transportation,EMBEDDED ENGINEERING AND V&V GROUP,V&V - M&T AND IP,Jun,27048.061390880004
A114,Transportation,EMBEDDED ENGINEERING AND V&V GROUP,V&V - M&T AND IP,May,25279.984073740005
A115,Transportation,AEROSPACE & RAIL,AEROSPACE & RAIL,Apr,18968.53194495
A115,Transportation,AEROSPACE & RAIL,AEROSPACE & RAIL,Jun,28762.84401265
A115,Transportation,AEROSPACE & RAIL,AEROSPACE & RAIL,May,16900.82127113
A115,Transportation,EMBEDDED ENGINEERING AND V&V GROUP,V&V - TRANSPORTATION,Apr,2377.8258352000003
A115,Transportation,EMBEDDED ENGINEERING AND V&V GROUP,V&V - TRANSPORTATION,Jun,7662.39424602
A115,Transportation,EMBEDDED ENGINEERING AND V&V GROUP,V&V - TRANSPORTATION,May,14079.3388325
A116,Transportation,AEROSPACE & RAIL,AEROSPACE & RAIL,Jun,5801.03699248
A116,Transportation,EMBEDDED ENGINEERING AND V&V GROUP,EMBEDDED HW & SW ENGINEERING,Jun,2203.64911772
A116,Transportation,EMBEDDED ENGINEERING AND V&V GROUP,V&V - TRANSPORTATION,Jun,1901.3424945699999
A117,Transportation,AEROSPACE & RAIL,AEROSPACE & RAIL,Apr,0.0
A117,Transportation,AEROSPACE & RAIL,AEROSPACE & RAIL,Jun,3542.6874800000005
A117,Transportation,AEROSPACE & RAIL,AEROSPACE & RAIL,May,-2778.8970600000002
A117,Transportation,EMBEDDED ENGINEERING AND V&V GROUP,V&V - TRANSPORTATION,Jun,731.2887000000001
A118,Transportation,AEROSPACE & RAIL,AEROSPACE & RAIL,Jun,8361.37623634
A118,Transportation,AEROSPACE & RAIL,AEROSPACE & RAIL,May,1795.41126366
A121,Media & Technology,DIGITAL PRODUCTS & SERVICES,DIGITAL COMMS. & TECH,Apr,7648.028485780001
A121,Media & Technology,DIGITAL PRODUCTS & SERVICES,DIGITAL COMMS. & TECH,Jun,7538.773954
A121,Media & Technology,DIGITAL PRODUCTS & SERVICES,DIGITAL COMMS. & TECH,May,7538.773954
A121,Media & Technology,MEDIA,MEDIA,Apr,8072.484698120001
A121,Media & Technology,MEDIA,MEDIA,Jun,7957.16047013
A121,Media & Technology,MEDIA,MEDIA,May,7957.160470129999
A122,Media & Technology,DIGITAL PRODUCTS & SERVICES,ANALYTICS & AI,Apr,33850.82577005
A122,Media & Technology,DIGITAL PRODUCTS & SERVICES,ANALYTICS & AI,Jun,5682.113199
A122,Media & Technology,DIGITAL PRODUCTS & SERVICES,ANALYTICS & AI,May,-2737.74175705
A122,Media & Technology,DIGITAL PRODUCTS & SERVICES,DIGITAL COMMS. & TECH,Apr,26229.26180978
A122,Media & Technology,DIGITAL PRODUCTS & SERVICES,DIGITAL COMMS. & TECH,Jun,28130.34429059
A122,Media & Technology,DIGITAL PRODUCTS & SERVICES,DIGITAL COMMS. & TECH,May,28932.909262549998
A122,Media & Technology,EMBEDDED ENGINEERING AND V&V GROUP,V&V - M&T AND IP,Apr,6756.26254328
A122,Media & Technology,EMBEDDED ENGINEERING AND V&V GROUP,V&V - M&T AND IP,Jun,6579.29880331
A122,Media & Technology,EMBEDDED ENGINEERING AND V&V GROUP,V&V - M&T AND IP,May,6225.6232117
A122,Media & Technology,MEDIA,MEDIA,Apr,72059.46590683999
A122,Media & Technology,MEDIA,MEDIA,Jun,83449.00301929
A122,Media & Technology,MEDIA,MEDIA,May,69119.17343075
A123,Media & Technology,EMBEDDED ENGINEERING AND V&V GROUP,VLSI DESIGN,Jun,0.0
A123,Media & Technology,MEDIA,MEDIA,Apr,14249.964737070002
A123,Media & Technology,MEDIA,MEDIA,Jun,14218.91746904
A123,Media & Technology,MEDIA,MEDIA,May,13941.55591599
A125,Media & Technology,DIGITAL PRODUCTS & SERVICES,DIGITAL COMMS. & TECH,Apr,39406.02787788
A125,Media & Technology,DIGITAL PRODUCTS & SERVICES,DIGITAL COMMS. & TECH,Jun,39659.21627668
A125,Media & Technology,DIGITAL PRODUCTS & SERVICES,DIGITAL COMMS. & TECH,May,42978.405679100004
A125,Media & Technology,EMBEDDED ENGINEERING AND V&V GROUP,V&V - M&T AND IP,Apr,10156.7875
A125,Media & Technology,EMBEDDED ENGINEERING AND V&V GROUP,V&V - M&T AND IP,Jun,10156.7875
A125,Media & Technology,EMBEDDED ENGINEERING AND V&V GROUP,V&V - M&T AND IP,May,10156.7875
A125,Media & Technology,MEDIA,MEDIA,Apr,3656.4435
A125,Media & Technology,MEDIA,MEDIA,Jun,3656.4435
A125,Media & Technology,MEDIA,MEDIA,May,3656.4435
A126,Media & Technology,MEDIA,MEDIA,Apr,11026.20851
A126,Media & Technology,MEDIA,MEDIA,May,9365.7768895
A128,Plant Engineering,FMCG,PSCG,Jun,1247.46476618
A128,Plant Engineering,FMCG,PSCG,May,1971.8631015400001
A129,Plant Engineering,FMCG,PSCG,Jun,0.0
A129,Plant Engineering,FMCG,PSCG,May,1922.476738
A130,Transportation,AEROSPACE & RAIL,AEROSPACE & RAIL,Apr,8309.6334981
A130,Transportation,AEROSPACE & RAIL,AEROSPACE & RAIL,Jun,12359.5103187
A130,Transportation,AEROSPACE & RAIL,AEROSPACE & RAIL,May,8256.9807117
A130,Transportation,DIGITAL MANUFACTURING SERVICES,MECHANICAL SERVICES,Apr,158990.59757634002
A130,Transportation,DIGITAL MANUFACTURING SERVICES,MECHANICAL SERVICES,Jun,201165.68261849
A130,Transportation,DIGITAL MANUFACTURING SERVICES,MECHANICAL SERVICES,May,161751.97620926
A130,Transportation,DIGITAL PRODUCTS & SERVICES,DIGITAL IP & MEDICAL,Apr,0.0
A130,Transportation,DIGITAL PRODUCTS & SERVICES,DIGITAL IP & MEDICAL,May,0.0
A130,Transportation,DIGITAL PRODUCTS & SERVICES,DIGITAL PE & MOBILITY,Apr,3195.44722895
A130,Transportation,DIGITAL PRODUCTS & SERVICES,DIGITAL PE & MOBILITY,Jun,1916.55329953
A130,Transportation,DIGITAL PRODUCTS & SERVICES,DIGITAL PE & MOBILITY,May,2874.84213744
A131,Transportation,DIGITAL MANUFACTURING SERVICES,MECHANICAL SERVICES,Apr,6418.902815110001
A131,Transportation,DIGITAL MANUFACTURING SERVICES,MECHANICAL SERVICES,Jun,9362.64047352
A131,Transportation,DIGITAL MANUFACTURING SERVICES,MECHANICAL SERVICES,May,-1920.0228581400002
A131,Transportation,DIGITAL MANUFACTURING SERVICES,SMART MANUFACTURING & SOURCING,Apr,12477.61344375
A131,Transportation,DIGITAL MANUFACTURING SERVICES,SMART MANUFACTURING & SOURCING,Jun,16221.324061950001
A131,Transportation,DIGITAL MANUFACTURING SERVICES,SMART MANUFACTURING & SOURCING,May,13898.97866279
A132,Transportation,DIGITAL MANUFACTURING SERVICES,MECHANICAL SERVICES,Apr,17498.341017040002
A132,Transportation,DIGITAL MANUFACTURING SERVICES,MECHANICAL SERVICES,Jun,13629.214386790001
A132,Transportation,DIGITAL MANUFACTURING SERVICES,MECHANICAL SERVICES,May,15758.98709495
A133,Transportation,DIGITAL MANUFACTURING SERVICES,MECHANICAL SERVICES,Apr,10685.265467199999
A133,Transportation,DIGITAL MANUFACTURING SERVICES,MECHANICAL SERVICES,Jun,13335.82136035
A133,Transportation,DIGITAL MANUFACTURING SERVICES,MECHANICAL SERVICES,May,20056.12075045
A134,Transportation,DIGITAL MANUFACTURING SERVICES,MECHANICAL SERVICES,Apr,2012.9940282
A134,Transportation,DIGITAL MANUFACTURING SERVICES,MECHANICAL SERVICES,Jun,2101.0005605300003
A134,Transportation,DIGITAL MANUFACTURING SERVICES,MECHANICAL SERVICES,May,2224.8889917399997
A135,Transportation,DIGITAL MANUFACTURING SERVICES,MECHANICAL SERVICES,Jun,22751.203999999998
A136,Transportation,DIGITAL MANUFACTURING SERVICES,SMART MANUFACTURING & SOURCING,Apr,40188.69367177
A136,Transportation,DIGITAL MANUFACTURING SERVICES,SMART MANUFACTURING & SOURCING,Jun,40384.43528047
A136,Transportation,DIGITAL MANUFACTURING SERVICES,SMART MANUFACTURING & SOURCING,May,52804.54505611
A138,Transportation,DIGITAL MANUFACTURING SERVICES,PRODUCT LIFECYCLE MGMT,Apr,-6466.525960339999
A138,Transportation,DIGITAL MANUFACTURING SERVICES,PRODUCT LIFECYCLE MGMT,May,13120.62747223
A139,Transportation,DIGITAL MANUFACTURING SERVICES,PRODUCT LIFECYCLE MGMT,Jun,39928.363020000004
A139,Transportation,DIGITAL MANUFACTURING SERVICES,PRODUCT LIFECYCLE MGMT,May,0.0
A14,Plant Engineering,FMCG,FMCG,Jun,12266.149128000001
A14,Plant Engineering,FMCG,FMCG,May,6437.778189000001
A140,Media & Technology,DIGITAL MANUFACTURING SERVICES,PRODUCT LIFECYCLE MGMT,Apr,42343.240816000005
A140,Media & Technology,DIGITAL MANUFACTURING SERVICES,PRODUCT LIFECYCLE MGMT,Jun,31630.673904
A140,Media & Technology,DIGITAL MANUFACTURING SERVICES,PRODUCT LIFECYCLE MGMT,May,39704.101152
A141,Transportation,EMBEDDED ENGINEERING AND V&V GROUP,V&V - M&T AND IP,Apr,1931.4147110000001
A141,Transportation,EMBEDDED ENGINEERING AND V&V GROUP,V&V - M&T AND IP,May,0.0
A141,Transportation,EMBEDDED ENGINEERING AND V&V GROUP,V&V - TRANSPORTATION,Apr,2147.7136576
A141,Transportation,EMBEDDED ENGINEERING AND V&V GROUP,V&V - TRANSPORTATION,Jun,2145.66604924
A141,Transportation,EMBEDDED ENGINEERING AND V&V GROUP,V&V - TRANSPORTATION,May,4195.18388529
A143,Transportation,EMBEDDED ENGINEERING AND V&V GROUP,V&V - TRANSPORTATION,Apr,7755.35729065
A143,Transportation,EMBEDDED ENGINEERING AND V&V GROUP,V&V - TRANSPORTATION,Jun,8960.147298470001
A143,Transportation,EMBEDDED ENGINEERING AND V&V GROUP,V&V - TRANSPORTATION,May,8127.35572691
A145,Media & Technology,EMBEDDED ENGINEERING AND V&V GROUP,V&V - M&T AND IP,Apr,19511.29441809
A145,Media & Technology,EMBEDDED ENGINEERING AND V&V GROUP,V&V - M&T AND IP,Jun,31160.31713759
A145,Media & Technology,EMBEDDED ENGINEERING AND V&V GROUP,V&V - M&T AND IP,May,14638.872193160001
A146,Media & Technology,DIGITAL PRODUCTS & SERVICES,DIGITAL COMMS. & TECH,Apr,255.19538001000012
A146,Media & Technology,EMBEDDED ENGINEERING AND V&V GROUP,V&V - M&T AND IP,Apr,2842.07227825
A146,Media & Technology,EMBEDDED ENGINEERING AND V&V GROUP,V&V - M&T AND IP,Jun,0.0
A146,Media & Technology,EMBEDDED ENGINEERING AND V&V GROUP,V&V - M&T AND IP,May,2842.0235256700003
A148,Media & Technology,DIGITAL PRODUCTS & SERVICES,DIGITAL COMMS. & TECH,Apr,0.008125430000006872
A149,Media & Technology,DIGITAL PRODUCTS & SERVICES,DIGITAL COMMS. & TECH,Apr,2275.1204000000002
A149,Media & Technology,DIGITAL PRODUCTS & SERVICES,DIGITAL COMMS. & TECH,Jun,2275.1204000000002
A149,Media & Technology,DIGITAL PRODUCTS & SERVICES,DIGITAL COMMS. & TECH,May,2275.1204000000002
A15,Media & Technology,EMBEDDED ENGINEERING AND V&V GROUP,V&V - M&T AND IP,Apr,25871.36912
A15,Media & Technology,EMBEDDED ENGINEERING AND V&V GROUP,V&V - M&T AND IP,Jun,23498.74356
A15,Media & Technology,EMBEDDED ENGINEERING AND V&V GROUP,V&V - M&T AND IP,May,23498.74356
A15,Media & Technology,MEDIA,MEDIA,Apr,14300.756800000001
A15,Media & Technology,MEDIA,MEDIA,Jun,13650.7224
A15,Media & Technology,MEDIA,MEDIA,May,13650.7224
A150,Media & Technology,DIGITAL PRODUCTS & SERVICES,DIGITAL COMMS. & TECH,Apr,13081.9423
A150,Media & Technology,DIGITAL PRODUCTS & SERVICES,DIGITAL COMMS. & TECH,Jun,13081.9423
A150,Media & Technology,DIGITAL PRODUCTS & SERVICES,DIGITAL COMMS. & TECH,May,13081.9423
A150,Media & Technology,EMBEDDED ENGINEERING AND V&V GROUP,V&V - M&T AND IP,Jun,28845.2765
A150,Media & Technology,EMBEDDED ENGINEERING AND V&V GROUP,V&V - M&T AND IP,May,10156.7875
A151,Media & Technology,DIGITAL PRODUCTS & SERVICES,DIGITAL COMMS. & TECH,Apr,2881.31810515
A151,Media & Technology,MEDIA,MEDIA,Jun,19128.781675410002
A152,Plant Engineering,INTEGRATED ASSET MGMT,INTEGRATED ASSET MGMT,Apr,6461.55319718
A152,Plant Engineering,INTEGRATED ASSET MGMT,INTEGRATED ASSET MGMT,Jun,7822.773983360001
A152,Plant Engineering,INTEGRATED ASSET MGMT,INTEGRATED ASSET MGMT,May,5740.1775217800005
A154,Transportation,AEROSPACE & RAIL,AEROSPACE & RAIL,Apr,0.0
A154,Transportation,AEROSPACE & RAIL,AEROSPACE & RAIL,Jun,-146.70463865000002
A154,Transportation,AEROSPACE & RAIL,AEROSPACE & RAIL,May,0.0
A155,Transportation,EMBEDDED ENGINEERING AND V&V GROUP,V&V - TRANSPORTATION,Apr,11951.44309867
A155,Transportation,EMBEDDED ENGINEERING AND V&V GROUP,V&V - TRANSPORTATION,Jun,982.38073786
A155,Transportation,EMBEDDED ENGINEERING AND V&V GROUP,V&V - TRANSPORTATION,May,19905.15026105
A156,Media & Technology,EMBEDDED ENGINEERING AND V&V GROUP,V&V - M&T AND IP,Apr,24987.322336
A156,Media & Technology,EMBEDDED ENGINEERING AND V&V GROUP,V&V - M&T AND IP,Jun,53358.073724
A156,Media & Technology,EMBEDDED ENGINEERING AND V&V GROUP,V&V - M&T AND IP,May,24434.793096
A157,Transportation,DIGITAL MANUFACTURING SERVICES,MECHANICAL SERVICES,Jun,24863.79954914
A16,Media & Technology,DIGITAL PRODUCTS & SERVICES,DIGITAL COMMS. & TECH,Apr,316889.74676793
A16,Media & Technology,DIGITAL PRODUCTS & SERVICES,DIGITAL COMMS. & TECH,Jun,316480.07071276003
A16,Media & Technology,DIGITAL PRODUCTS & SERVICES,DIGITAL COMMS. & TECH,May,321045.55481944
A16,Media & Technology,EMBEDDED ENGINEERING AND V&V GROUP,EMBEDDED HW & SW ENGINEERING,Apr,100865.93535315999
A16,Media & Technology,EMBEDDED ENGINEERING AND V&V GROUP,EMBEDDED HW & SW ENGINEERING,Jun,100719.22258907999
A16,Media & Technology,EMBEDDED ENGINEERING AND V&V GROUP,EMBEDDED HW & SW ENGINEERING,May,103001.66400151
A16,Media & Technology,EMBEDDED ENGINEERING AND V&V GROUP,V&V - M&T AND IP,Apr,23637.08713118
A16,Media & Technology,EMBEDDED ENGINEERING AND V&V GROUP,V&V - M&T AND IP,Jun,21817.19394693
A16,Media & Technology,EMBEDDED ENGINEERING AND V&V GROUP,V&V - M&T AND IP,May,24660.04626646
A161,Transportation,AEROSPACE & RAIL,AEROSPACE & RAIL,May,0.0
A161,Transportation,EMBEDDED ENGINEERING AND V&V GROUP,V&V - TRANSPORTATION,May,0.0
A162,Transportation,AEROSPACE & RAIL,AEROSPACE & RAIL,Apr,0.0
A162,Transportation,AEROSPACE & RAIL,AEROSPACE & RAIL,Jun,0.0
A162,Transportation,AEROSPACE & RAIL,AEROSPACE & RAIL,May,0.0
A162,Transportation,EMBEDDED ENGINEERING AND V&V GROUP,V&V - TRANSPORTATION,Apr,0.0
A162,Transportation,EMBEDDED ENGINEERING AND V&V GROUP,V&V - TRANSPORTATION,Jun,0.0
A162,Transportation,EMBEDDED ENGINEERING AND V&V GROUP,V&V - TRANSPORTATION,May,0.0
A163,Transportation,EMBEDDED ENGINEERING AND V&V GROUP,EMBEDDED HW & SW ENGINEERING,Apr,0.0
A163,Transportation,EMBEDDED ENGINEERING AND V&V GROUP,EMBEDDED HW & SW ENGINEERING,Jun,0.0
A163,Transportation,EMBEDDED ENGINEERING AND V&V GROUP,EMBEDDED HW & SW ENGINEERING,May,0.0
A17,Media & Technology,DIGITAL PRODUCTS & SERVICES,DIGITAL COMMS. & TECH,Apr,43624.40174039
A17,Media & Technology,DIGITAL PRODUCTS & SERVICES,DIGITAL COMMS. & TECH,Jun,53597.050745730005
A17,Media & Technology,DIGITAL PRODUCTS & SERVICES,DIGITAL COMMS. & TECH,May,49871.80922992
A17,Media & Technology,EMBEDDED ENGINEERING AND V&V GROUP,V&V - M&T AND IP,Apr,31094.379273140003
A17,Media & Technology,EMBEDDED ENGINEERING AND V&V GROUP,V&V - M&T AND IP,Jun,39036.45081976
A17,Media & Technology,EMBEDDED ENGINEERING AND V&V GROUP,V&V - M&T AND IP,May,36495.96200139
A18,Media & Technology,DIGITAL PRODUCTS & SERVICES,DIGITAL COMMS. & TECH,Apr,66041.51243508
A18,Media & Technology,DIGITAL PRODUCTS & SERVICES,DIGITAL COMMS. & TECH,Jun,67870.091704
A18,Media & Technology,DIGITAL PRODUCTS & SERVICES,DIGITAL COMMS. & TECH,May,59511.461863000004
A18,Media & Technology,EMBEDDED ENGINEERING AND V&V GROUP,EMBEDDED HW & SW ENGINEERING,Apr,3677.77275375
A18,Media & Technology,EMBEDDED ENGINEERING AND V&V GROUP,EMBEDDED HW & SW ENGINEERING,Jun,2762.6462
A18,Media & Technology,EMBEDDED ENGINEERING AND V&V GROUP,EMBEDDED HW & SW ENGINEERING,May,2843.9005
A19,Media & Technology,DIGITAL MANUFACTURING SERVICES,MECHANICAL SERVICES,Apr,17469.6745
A19,Media & Technology,DIGITAL MANUFACTURING SERVICES,MECHANICAL SERVICES,Jun,17469.6745
A19,Media & Technology,DIGITAL MANUFACTURING SERVICES,MECHANICAL SERVICES,May,17469.6745
A19,Media & Technology,DIGITAL MANUFACTURING SERVICES,PRODUCT LIFECYCLE MGMT,Apr,2762.6462
A19,Media & Technology,DIGITAL MANUFACTURING SERVICES,PRODUCT LIFECYCLE MGMT,Jun,2762.6462
A19,Media & Technology,DIGITAL MANUFACTURING SERVICES,PRODUCT LIFECYCLE MGMT,May,2762.6462
A19,Media & Technology,DIGITAL PRODUCTS & SERVICES,DIGITAL COMMS. & TECH,Apr,74554.47669350001
A19,Media & Technology,DIGITAL PRODUCTS & SERVICES,DIGITAL COMMS. & TECH,Jun,96475.70864615
A19,Media & Technology,DIGITAL PRODUCTS & SERVICES,DIGITAL COMMS. & TECH,May,74040.47011713
A19,Media & Technology,EMBEDDED ENGINEERING AND V&V GROUP,EMBEDDED HW & SW ENGINEERING,Apr,17293.45017416
A19,Media & Technology,EMBEDDED ENGINEERING AND V&V GROUP,EMBEDDED HW & SW ENGINEERING,Jun,17304.54951154
A19,Media & Technology,EMBEDDED ENGINEERING AND V&V GROUP,EMBEDDED HW & SW ENGINEERING,May,17118.21715078
A19,Media & Technology,EMBEDDED ENGINEERING AND V&V GROUP,V&V - M&T AND IP,Apr,67250.121395
A19,Media & Technology,EMBEDDED ENGINEERING AND V&V GROUP,V&V - M&T AND IP,Jun,102191.75364083
A19,Media & Technology,EMBEDDED ENGINEERING AND V&V GROUP,V&V - M&T AND IP,May,74004.14944503
A2,Plant Engineering,FMCG,FMCG,Apr,45266.12049560001
A2,Plant Engineering,FMCG,FMCG,Jun,2379.6621823800024
A2,Plant Engineering,FMCG,FMCG,May,109569.10780244999
A2,Plant Engineering,FMCG,PSCG,Apr,96.24571835
A2,Plant Engineering,FMCG,PSCG,May,-96.24571835
A20,Media & Technology,DIGITAL PRODUCTS & SERVICES,DIGITAL COMMS. & TECH,Apr,8329.02077408
A20,Media & Technology,DIGITAL PRODUCTS & SERVICES,DIGITAL COMMS. & TECH,Jun,8448.4970968
A20,Media & Technology,DIGITAL PRODUCTS & SERVICES,DIGITAL COMMS. & TECH,May,8243.99627456
A20,Media & Technology,EMBEDDED ENGINEERING AND V&V GROUP,V&V - M&T AND IP,Apr,1754.25596071
A20,Media & Technology,EMBEDDED ENGINEERING AND V&V GROUP,V&V - M&T AND IP,Jun,1779.4204174200001
A20,Media & Technology,EMBEDDED ENGINEERING AND V&V GROUP,V&V - M&T AND IP,May,1736.3475129899998
A21,Media & Technology,DIGITAL MANUFACTURING SERVICES,PRODUCT LIFECYCLE MGMT,Apr,15011.31752807
A21,Media & Technology,DIGITAL MANUFACTURING SERVICES,PRODUCT LIFECYCLE MGMT,Jun,178592.36865748
A21,Media & Technology,DIGITAL MANUFACTURING SERVICES,PRODUCT LIFECYCLE MGMT,May,12307.81633304
A21,Media & Technology,DIGITAL PRODUCTS & SERVICES,DIGITAL COMMS. & TECH,Apr,1417.05874114
A21,Media & Technology,DIGITAL PRODUCTS & SERVICES,DIGITAL COMMS. & TECH,Jun,1393.0318446299998
A21,Media & Technology,DIGITAL PRODUCTS & SERVICES,DIGITAL COMMS. & TECH,May,1393.04809549
A21,Plant Engineering,FMCG,FMCG,Jun,-10216.696295390002
A21,Plant Engineering,FMCG,FMCG,May,55777.014235
A21,Plant Engineering,FMCG,PSCG,Jun,3714.0527986999996
A21,Transportation,AEROSPACE & RAIL,AEROSPACE & RAIL,Apr,1617.7081095600001
A21,Transportation,AEROSPACE & RAIL,AEROSPACE & RAIL,Jun,1349.3089058
A21,Transportation,AEROSPACE & RAIL,AEROSPACE & RAIL,May,1603.11483728
A21,Transportation,DIGITAL MANUFACTURING SERVICES,MECHANICAL SERVICES,Apr,4926.082564650001
A21,Transportation,DIGITAL MANUFACTURING SERVICES,MECHANICAL SERVICES,Jun,3393.0901882700005
A21,Transportation,DIGITAL MANUFACTURING SERVICES,MECHANICAL SERVICES,May,5403.19156339
A21,Transportation,DIGITAL MANUFACTURING SERVICES,PRODUCT LIFECYCLE MGMT,Apr,17976.31131136
A21,Transportation,DIGITAL MANUFACTURING SERVICES,PRODUCT LIFECYCLE MGMT,Jun,202411.52229867
A21,Transportation,DIGITAL MANUFACTURING SERVICES,PRODUCT LIFECYCLE MGMT,May,2612.92702682
A21,Transportation,EMBEDDED ENGINEERING AND V&V GROUP,EMBEDDED HW & SW ENGINEERING,Apr,2692.38560679
A21,Transportation,EMBEDDED ENGINEERING AND V&V GROUP,EMBEDDED HW & SW ENGINEERING,Jun,1639.6873977100001
A21,Transportation,EMBEDDED ENGINEERING AND V&V GROUP,EMBEDDED HW & SW ENGINEERING,May,2228.25291976
A22,Plant Engineering,FMCG,PSCG,Apr,15249.807024
A23,Plant Engineering,DIGITAL PRODUCTS & SERVICES,ANALYTICS & AI,Apr,1218.8145
A23,Plant Engineering,DIGITAL PRODUCTS & SERVICES,ANALYTICS & AI,May,1218.8145
A23,Plant Engineering,DIGITAL PRODUCTS & SERVICES,DIGITAL PE & MOBILITY,Apr,8595.66488496
A23,Plant Engineering,DIGITAL PRODUCTS & SERVICES,DIGITAL PE & MOBILITY,Jun,5697.64902116
A23,Plant Engineering,DIGITAL PRODUCTS & SERVICES,DIGITAL PE & MOBILITY,May,8688.43291927
A23,Plant Engineering,FMCG,FMCG,Apr,33807.67973675
A23,Plant Engineering,FMCG,FMCG,Jun,25936.37256
A23,Plant Engineering,FMCG,FMCG,May,35322.48740079
A25,Plant Engineering,DIGITAL MANUFACTURING SERVICES,SMART MANUFACTURING & SOURCING,May,0.0
A25,Plant Engineering,FMCG,FMCG,Apr,116119.42319695001
A25,Plant Engineering,FMCG,FMCG,Jun,131865.64524137
A25,Plant Engineering,FMCG,FMCG,May,101714.01898398
A25,Plant Engineering,FMCG,PSCG,Jun,-246.15177642
A25,Plant Engineering,FMCG,PSCG,May,-160.11972358
A26,Plant Engineering,DIGITAL MANUFACTURING SERVICES,SMART MANUFACTURING & SOURCING,Apr,62697.36983713
A26,Plant Engineering,DIGITAL MANUFACTURING SERVICES,SMART MANUFACTURING & SOURCING,Jun,122362.38607626999
A26,Plant Engineering,DIGITAL MANUFACTURING SERVICES,SMART MANUFACTURING & SOURCING,May,70679.97102859001
A26,Plant Engineering,FMCG,FMCG,Apr,134570.43025434
A26,Plant Engineering,FMCG,FMCG,Jun,221383.79194142
A26,Plant Engineering,FMCG,FMCG,May,173048.77778912
A26,Plant Engineering,FMCG,PSCG,Apr,-0.45502407999999916
A26,Plant Engineering,FMCG,PSCG,Jun,-94.20623542
A26,Plant Engineering,FMCG,PSCG,May,94.6612595
A27,Plant Engineering,DIGITAL MANUFACTURING SERVICES,SMART MANUFACTURING & SOURCING,Apr,7050.98814024
A27,Plant Engineering,DIGITAL MANUFACTURING SERVICES,SMART MANUFACTURING & SOURCING,Jun,9984.528384000001
A27,Plant Engineering,FMCG,FMCG,Apr,101331.14872238
A27,Plant Engineering,FMCG,FMCG,Jun,106322.01534042001
A27,Plant Engineering,FMCG,FMCG,May,112289.12799667001
A28,Plant Engineering,DIGITAL MANUFACTURING SERVICES,PRODUCT LIFECYCLE MGMT,Jun,952.14601283
A28,Plant Engineering,FMCG,FMCG,Apr,782251.90886209
A28,Plant Engineering,FMCG,FMCG,Jun,1052833.56249294
A28,Plant Engineering,FMCG,FMCG,May,945187.6789680502
A29,Plant Engineering,DIGITAL PRODUCTS & SERVICES,DIGITAL PE & MOBILITY,Apr,2014.0828358200004
A29,Plant Engineering,DIGITAL PRODUCTS & SERVICES,DIGITAL PE & MOBILITY,Jun,1871.64404792
A29,Plant Engineering,DIGITAL PRODUCTS & SERVICES,DIGITAL PE & MOBILITY,May,2038.0203525999998
A29,Plant Engineering,FMCG,FMCG,Apr,77595.46762358
A29,Plant Engineering,FMCG,FMCG,Jun,117560.46008202
A29,Plant Engineering,FMCG,FMCG,May,197997.31744773
A3,Media & Technology,DIGITAL MANUFACTURING SERVICES,MECHANICAL SERVICES,Apr,-1014.9555867299999
A30,Plant Engineering,DIGITAL MANUFACTURING SERVICES,MECHANICAL SERVICES,Apr,1610.22458853
A30,Plant Engineering,DIGITAL MANUFACTURING SERVICES,MECHANICAL SERVICES,Jun,6063.50463234
A30,Plant Engineering,DIGITAL MANUFACTURING SERVICES,MECHANICAL SERVICES,May,5218.8824347
A30,Plant Engineering,DIGITAL MANUFACTURING SERVICES,SMART MANUFACTURING & SOURCING,Apr,1465.99820603
A30,Plant Engineering,DIGITAL MANUFACTURING SERVICES,SMART MANUFACTURING & SOURCING,Jun,3788.4086086300003
A30,Plant Engineering,DIGITAL MANUFACTURING SERVICES,SMART MANUFACTURING & SOURCING,May,9823.89675833
A30,Plant Engineering,FMCG,FMCG,Apr,18955.09248372999
A30,Plant Engineering,FMCG,FMCG,Jun,52948.66580802001
A30,Plant Engineering,FMCG,FMCG,May,21800.52869
A30,Plant Engineering,FMCG,PSCG,Apr,557.53450488
A30,Plant Engineering,FMCG,PSCG,Jun,-0.64190897
A30,Plant Engineering,FMCG,PSCG,May,3.4939348999999744
A30,Plant Engineering,INTEGRATED ASSET MGMT,INTEGRATED ASSET MGMT,Apr,167857.82245733
A30,Plant Engineering,INTEGRATED ASSET MGMT,INTEGRATED ASSET MGMT,Jun,293858.10167691
A30,Plant Engineering,INTEGRATED ASSET MGMT,INTEGRATED ASSET MGMT,May,149232.459923
A32,Plant Engineering,DIGITAL MANUFACTURING SERVICES,MECHANICAL SERVICES,Apr,9837.230588960001
A32,Plant Engineering,DIGITAL MANUFACTURING SERVICES,MECHANICAL SERVICES,Jun,7097.7256136000005
A32,Plant Engineering,DIGITAL MANUFACTURING SERVICES,MECHANICAL SERVICES,May,7075.68944744
A32,Plant Engineering,FMCG,FMCG,Apr,20619.07491714
A32,Plant Engineering,FMCG,FMCG,Jun,28488.887014770004
A32,Plant Engineering,FMCG,FMCG,May,20655.82623703
A33,Plant Engineering,DIGITAL MANUFACTURING SERVICES,MECHANICAL SERVICES,Apr,0.0
A33,Plant Engineering,DIGITAL MANUFACTURING SERVICES,MECHANICAL SERVICES,Jun,0.0
A33,Plant Engineering,DIGITAL MANUFACTURING SERVICES,MECHANICAL SERVICES,May,0.0
A33,Plant Engineering,DIGITAL MANUFACTURING SERVICES,SMART MANUFACTURING & SOURCING,Apr,0.0
A33,Plant Engineering,DIGITAL MANUFACTURING SERVICES,SMART MANUFACTURING & SOURCING,Jun,0.0
A33,Plant Engineering,DIGITAL MANUFACTURING SERVICES,SMART MANUFACTURING & SOURCING,May,0.0
A33,Plant Engineering,FMCG,FMCG,Apr,0.0
A33,Plant Engineering,FMCG,FMCG,Jun,0.0
A33,Plant Engineering,FMCG,FMCG,May,0.0
A35,Plant Engineering,FMCG,FMCG,Apr,133724.35360473001
A35,Plant Engineering,FMCG,FMCG,Jun,325081.56965646
A35,Plant Engineering,FMCG,FMCG,May,191784.80868005
A36,Plant Engineering,DIGITAL MANUFACTURING SERVICES,PRODUCT LIFECYCLE MGMT,Apr,1879.411959
A36,Plant Engineering,DIGITAL MANUFACTURING SERVICES,PRODUCT LIFECYCLE MGMT,Jun,1730.25344049
A36,Plant Engineering,DIGITAL MANUFACTURING SERVICES,PRODUCT LIFECYCLE MGMT,May,1581.09492198
A36,Plant Engineering,DIGITAL MANUFACTURING SERVICES,SMART MANUFACTURING & SOURCING,Apr,25386.719722219997
A36,Plant Engineering,DIGITAL MANUFACTURING SERVICES,SMART MANUFACTURING & SOURCING,Jun,10085.381221160002
A36,Plant Engineering,DIGITAL MANUFACTURING SERVICES,SMART MANUFACTURING & SOURCING,May,15830.8565233
A36,Plant Engineering,DIGITAL PRODUCTS & SERVICES,DIGITAL PE & MOBILITY,Apr,5470.039476
A36,Plant Engineering,DIGITAL PRODUCTS & SERVICES,DIGITAL PE & MOBILITY,Jun,4972.76316
A36,Plant Engineering,DIGITAL PRODUCTS & SERVICES,DIGITAL PE & MOBILITY,May,5221.401318
A36,Plant Engineering,FMCG,FMCG,Apr,-30247.815097730003
A36,Plant Engineering,FMCG,FMCG,Jun,-43345.68324053
A36,Plant Engineering,FMCG,FMCG,May,-8403.514716320002
A36,Plant Engineering,FMCG,PSCG,Apr,92226.41752249
A36,Plant Engineering,FMCG,PSCG,Jun,191597.83441032
A36,Plant Engineering,FMCG,PSCG,May,82699.70024098
A36,Plant Engineering,INTEGRATED ASSET MGMT,INTEGRATED ASSET MGMT,Apr,24582.87905775
A36,Plant Engineering,INTEGRATED ASSET MGMT,INTEGRATED ASSET MGMT,Jun,-10426.05612477
A36,Plant Engineering,INTEGRATED ASSET MGMT,INTEGRATED ASSET MGMT,May,29889.30487527
A37,Plant Engineering,DIGITAL MANUFACTURING SERVICES,SMART MANUFACTURING & SOURCING,Apr,3414.69570664
A37,Plant Engineering,DIGITAL MANUFACTURING SERVICES,SMART MANUFACTURING & SOURCING,Jun,904.6609999099999
A37,Plant Engineering,DIGITAL MANUFACTURING SERVICES,SMART MANUFACTURING & SOURCING,May,7.73540936000017
A37,Plant Engineering,FMCG,FMCG,Apr,32659.31271485
A37,Plant Engineering,FMCG,FMCG,Jun,21495.75193613
A37,Plant Engineering,FMCG,FMCG,May,45069.37945901
A37,Plant Engineering,INTEGRATED ASSET MGMT,INTEGRATED ASSET MGMT,Jun,760.47524456
A38,Plant Engineering,FMCG,FMCG,Apr,1742.73410097
A38,Plant Engineering,FMCG,FMCG,Jun,972.5083404099998
A38,Plant Engineering,FMCG,FMCG,May,2798.90186866
A41,Plant Engineering,FMCG,FMCG,Apr,13208.942770900001
A41,Plant Engineering,FMCG,FMCG,Jun,11908.467699400002
A41,Plant Engineering,FMCG,FMCG,May,14997.2686596
A41,Plant Engineering,FMCG,PSCG,Apr,-76.72031006
A41,Plant Engineering,FMCG,PSCG,Jun,384.9828734
A41,Plant Engineering,FMCG,PSCG,May,76.72031006
A42,Plant Engineering,FMCG,FMCG,Apr,12.85443026
A42,Plant Engineering,FMCG,FMCG,May,-12.85443026
A43,Plant Engineering,FMCG,FMCG,Apr,52327.411681080004
A43,Plant Engineering,FMCG,FMCG,Jun,91360.41731852002
A43,Plant Engineering,FMCG,FMCG,May,69537.08867194
A43,Plant Engineering,FMCG,PSCG,Apr,-0.26001376
A43,Plant Engineering,FMCG,PSCG,Jun,0.0
A43,Plant Engineering,FMCG,PSCG,May,0.26001376
A44,Plant Engineering,FMCG,FMCG,Apr,-569.56014128
A44,Plant Engineering,FMCG,FMCG,Jun,807.8546268900001
A44,Plant Engineering,FMCG,FMCG,May,-12.21252129000004
A46,Plant Engineering,FMCG,FMCG,Apr,513.1940333699995
A46,Plant Engineering,FMCG,FMCG,May,1.2431907899999715
A47,Plant Engineering,FMCG,FMCG,Apr,96100.02939010001
A47,Plant Engineering,FMCG,FMCG,Jun,133861.00708647
A47,Plant Engineering,FMCG,FMCG,May,133435.68145312
A47,Plant Engineering,FMCG,PSCG,Apr,-840.4132248999999
A47,Plant Engineering,FMCG,PSCG,Jun,-1557.6449309999998
A47,Plant Engineering,FMCG,PSCG,May,2009.9876190999998
A48,Plant Engineering,FMCG,FMCG,Apr,11017.270537
A48,Plant Engineering,FMCG,FMCG,Jun,4337.354534
A48,Plant Engineering,FMCG,FMCG,May,19647.6147572
A49,Plant Engineering,FMCG,FMCG,Apr,3335.35900812
A49,Plant Engineering,FMCG,FMCG,Jun,9639.66888394
A49,Plant Engineering,FMCG,FMCG,May,3296.78759191
A5,Plant Engineering,DIGITAL MANUFACTURING SERVICES,MECHANICAL SERVICES,Apr,95708.90369162001
A5,Plant Engineering,DIGITAL MANUFACTURING SERVICES,MECHANICAL SERVICES,Jun,90861.17464846
A5,Plant Engineering,DIGITAL MANUFACTURING SERVICES,MECHANICAL SERVICES,May,75374.738852
A5,Plant Engineering,DIGITAL MANUFACTURING SERVICES,PRODUCT LIFECYCLE MGMT,Apr,8511.387924999999
A5,Plant Engineering,DIGITAL MANUFACTURING SERVICES,PRODUCT LIFECYCLE MGMT,Jun,7678.53135
A5,Plant Engineering,DIGITAL MANUFACTURING SERVICES,PRODUCT LIFECYCLE MGMT,May,7312.887000000001
A5,Plant Engineering,DIGITAL MANUFACTURING SERVICES,SMART MANUFACTURING & SOURCING,Apr,-4844.381365999998
A5,Plant Engineering,DIGITAL MANUFACTURING SERVICES,SMART MANUFACTURING & SOURCING,Jun,13822.315230740001
A5,Plant Engineering,DIGITAL MANUFACTURING SERVICES,SMART MANUFACTURING & SOURCING,May,22076.79331
A5,Plant Engineering,FMCG,FMCG,Apr,95363.43478431001
A5,Plant Engineering,FMCG,FMCG,Jun,76593.15520593
A5,Plant Engineering,FMCG,FMCG,May,49918.1729335
A50,Plant Engineering,FMCG,FMCG,Apr,31436.646761030002
A50,Plant Engineering,FMCG,FMCG,Jun,26255.82384045
A50,Plant Engineering,FMCG,FMCG,May,38461.16225033
A50,Plant Engineering,FMCG,PSCG,Apr,2095.50776985
A50,Plant Engineering,FMCG,PSCG,Jun,-0.016250859999999978
A50,Plant Engineering,FMCG,PSCG,May,0.7312886999999981
A51,Plant Engineering,FMCG,FMCG,Apr,-0.048752580000000406
A51,Plant Engineering,FMCG,FMCG,Jun,0.0
A51,Plant Engineering,FMCG,FMCG,May,0.04875258
A52,Plant Engineering,DIGITAL MANUFACTURING SERVICES,SMART MANUFACTURING & SOURCING,Apr,23970.01037457
A52,Plant Engineering,DIGITAL MANUFACTURING SERVICES,SMART MANUFACTURING & SOURCING,Jun,12203.73770017
A52,Plant Engineering,DIGITAL MANUFACTURING SERVICES,SMART MANUFACTURING & SOURCING,May,21290.446696320003
A52,Plant Engineering,DIGITAL PRODUCTS & SERVICES,ANALYTICS & AI,Apr,679.49720918
A52,Plant Engineering,DIGITAL PRODUCTS & SERVICES,ANALYTICS & AI,Jun,-9.612383690000001
A52,Plant Engineering,DIGITAL PRODUCTS & SERVICES,ANALYTICS & AI,May,1505.89406733
A52,Plant Engineering,DIGITAL PRODUCTS & SERVICES,CYBER SECURE,Apr,24311.465319460003
A52,Plant Engineering,DIGITAL PRODUCTS & SERVICES,CYBER SECURE,Jun,22410.88661531
A52,Plant Engineering,DIGITAL PRODUCTS & SERVICES,CYBER SECURE,May,22101.3321086
A52,Plant Engineering,FMCG,FMCG,Apr,36700.78784082997
A52,Plant Engineering,FMCG,FMCG,Jun,1236031.19736238
A52,Plant Engineering,FMCG,FMCG,May,75919.96333043004
A52,Plant Engineering,FMCG,PSCG,Apr,-0.016250859999999676
A52,Plant Engineering,FMCG,PSCG,Jun,0.0
A52,Plant Engineering,FMCG,PSCG,May,0.016250859999999676
A53,Plant Engineering,FMCG,FMCG,Apr,117861.62914497001
A53,Plant Engineering,FMCG,FMCG,Jun,91747.19591195001
A53,Plant Engineering,FMCG,FMCG,May,82763.80988368
A53,Plant Engineering,FMCG,PSCG,Apr,-35.207488189999985
A53,Plant Engineering,FMCG,PSCG,Jun,62.809573900000004
A53,Plant Engineering,FMCG,PSCG,May,56.56924365999999
A54,Plant Engineering,FMCG,FMCG,Apr,2647.74449437
A54,Plant Engineering,FMCG,FMCG,Jun,2.79514792
A54,Plant Engineering,FMCG,FMCG,May,403.37072149000016
A55,Plant Engineering,FMCG,FMCG,Apr,1365.07224
A55,Plant Engineering,FMCG,FMCG,Jun,568.7801000000001
A55,Plant Engineering,FMCG,FMCG,May,2347.9242528
A56,Plant Engineering,FMCG,FMCG,Apr,53096.54863402
A56,Plant Engineering,FMCG,FMCG,Jun,59799.3458479
A56,Plant Engineering,FMCG,FMCG,May,52661.56998983
A56,Plant Engineering,FMCG,PSCG,Apr,0.1787594599999992
A56,Plant Engineering,FMCG,PSCG,Jun,20.784849939999997
A56,Plant Engineering,FMCG,PSCG,May,-0.1787594599999992
A59,Plant Engineering,FMCG,FMCG,Apr,136.39346798000003
A59,Plant Engineering,FMCG,FMCG,Jun,-4.127718440000025
A59,Plant Engineering,FMCG,FMCG,May,5.3627838
A6,Plant Engineering,FMCG,FMCG,Apr,10045.42035642
A6,Plant Engineering,FMCG,FMCG,May,5568.02403637
A60,Plant Engineering,FMCG,FMCG,Apr,29272.19471763
A60,Plant Engineering,FMCG,FMCG,Jun,26113.206293090003
A60,Plant Engineering,FMCG,FMCG,May,26112.00372945
A61,Plant Engineering,FMCG,FMCG,Apr,6668.18288208
A61,Plant Engineering,FMCG,FMCG,Jun,4834.72835516
A61,Plant Engineering,FMCG,FMCG,May,16436.81046555
A63,Plant Engineering,FMCG,FMCG,Apr,1384.1670005
A63,Plant Engineering,FMCG,FMCG,Jun,2607.98676538
A63,Plant Engineering,FMCG,FMCG,May,2623.5144621100003
A64,Media & Technology,DIGITAL MANUFACTURING SERVICES,PRODUCT LIFECYCLE MGMT,Jun,31074.45571878
A64,Plant Engineering,FMCG,FMCG,Apr,-1259.18976167
A65,Plant Engineering,FMCG,FMCG,Apr,129.04807926
A65,Plant Engineering,FMCG,FMCG,Jun,1.2838179400000342
A65,Plant Engineering,FMCG,FMCG,May,1315.61274759
A65,Plant Engineering,FMCG,PSCG,Apr,6.069696210000024
A65,Plant Engineering,FMCG,PSCG,May,-12.131266989999919
A67,Plant Engineering,FMCG,FMCG,Apr,1696.8660486200001
A67,Plant Engineering,FMCG,FMCG,Jun,8078.1887499800005
A67,Plant Engineering,FMCG,FMCG,May,8633.17186984
A68,Plant Engineering,DIGITAL MANUFACTURING SERVICES,SMART MANUFACTURING & SOURCING,Apr,-0.24376290000000325
A68,Plant Engineering,DIGITAL MANUFACTURING SERVICES,SMART MANUFACTURING & SOURCING,Jun,0.0
A68,Plant Engineering,DIGITAL MANUFACTURING SERVICES,SMART MANUFACTURING & SOURCING,May,0.24376290000000325
A68,Plant Engineering,FMCG,FMCG,Apr,46226.94446767001
A68,Plant Engineering,FMCG,FMCG,Jun,47859.37585639
A68,Plant Engineering,FMCG,FMCG,May,44785.81820287
A68,Plant Engineering,FMCG,PSCG,Apr,-2.819524209999991
A68,Plant Engineering,FMCG,PSCG,Jun,0.0
A68,Plant Engineering,FMCG,PSCG,May,2.819524209999991
A69,Plant Engineering,FMCG,FMCG,Apr,-216.42895348
A69,Plant Engineering,FMCG,FMCG,May,16.34836516
A69,Plant Engineering,FMCG,PSCG,Apr,-8.060426559999993
A69,Plant Engineering,FMCG,PSCG,May,6.70347975
A7,Plant Engineering,FMCG,FMCG,Apr,-280.58734876
A7,Plant Engineering,FMCG,FMCG,Jun,3795.60773961
A7,Plant Engineering,FMCG,FMCG,May,6005.84658106
A70,Plant Engineering,FMCG,FMCG,Apr,51717.85817334
A70,Plant Engineering,FMCG,FMCG,Jun,55257.69362741
A70,Plant Engineering,FMCG,FMCG,May,85090.25862499
A70,Plant Engineering,FMCG,PSCG,Jun,-437.07500513
A71,Plant Engineering,FMCG,FMCG,Apr,8930.67636386
A71,Plant Engineering,FMCG,FMCG,Jun,21445.08175465
A71,Plant Engineering,FMCG,FMCG,May,15400.21685873
A71,Plant Engineering,FMCG,PSCG,Apr,0.0
A71,Plant Engineering,FMCG,PSCG,Jun,0.0
A71,Plant Engineering,FMCG,PSCG,May,60.01442598
A72,Plant Engineering,DIGITAL MANUFACTURING SERVICES,SMART MANUFACTURING & SOURCING,Apr,6433.593592550001
A72,Plant Engineering,FMCG,FMCG,Apr,505.66988519000006
A73,Plant Engineering,FMCG,FMCG,Apr,16046.537937219993
A73,Plant Engineering,FMCG,FMCG,Jun,76204.72715020999
A73,Plant Engineering,FMCG,FMCG,May,68679.53891517001
A73,Plant Engineering,FMCG,PSCG,Apr,9.8317703
A73,Plant Engineering,FMCG,PSCG,Jun,77.95537542
A73,Plant Engineering,FMCG,PSCG,May,-0.6256581099999968
A74,Plant Engineering,FMCG,FMCG,Apr,-42.57725320000065
A74,Plant Engineering,FMCG,FMCG,Jun,4904.81018891
A74,Plant Engineering,FMCG,FMCG,May,42.57725320000065
A75,Plant Engineering,FMCG,FMCG,May,18814.433165000002
A76,Media & Technology,DIGITAL PRODUCTS & SERVICES,DIGITAL COMMS. & TECH,Apr,50385.47453823
A76,Media & Technology,DIGITAL PRODUCTS & SERVICES,DIGITAL COMMS. & TECH,Jun,49864.951367
A76,Media & Technology,DIGITAL PRODUCTS & SERVICES,DIGITAL COMMS. & TECH,May,47681.14454934
A76,Media & Technology,EMBEDDED ENGINEERING AND V&V GROUP,EMBEDDED HW & SW ENGINEERING,Apr,26035.502805999997
A76,Media & Technology,EMBEDDED ENGINEERING AND V&V GROUP,EMBEDDED HW & SW ENGINEERING,Jun,33707.533811999994
A76,Media & Technology,EMBEDDED ENGINEERING AND V&V GROUP,EMBEDDED HW & SW ENGINEERING,May,32779.609705999996
A76,Media & Technology,EMBEDDED ENGINEERING AND V&V GROUP,V&V - M&T AND IP,Apr,48713.577936
A76,Media & Technology,EMBEDDED ENGINEERING AND V&V GROUP,V&V - M&T AND IP,Jun,147612.24918100002
A76,Media & Technology,EMBEDDED ENGINEERING AND V&V GROUP,V&V - M&T AND IP,May,107256.488543
A76,Media & Technology,MEDIA,MEDIA,Apr,277493.73754524
A76,Media & Technology,MEDIA,MEDIA,Jun,369593.34148172
A76,Media & Technology,MEDIA,MEDIA,May,266931.62922055
A77,Transportation,AEROSPACE & RAIL,AEROSPACE & RAIL,Apr,494299.22345143993
A77,Transportation,AEROSPACE & RAIL,AEROSPACE & RAIL,Jun,620711.34009057
A77,Transportation,AEROSPACE & RAIL,AEROSPACE & RAIL,May,501466.8115121801
A77,Transportation,DIGITAL MANUFACTURING SERVICES,MECHANICAL SERVICES,Apr,7405.1106305
A77,Transportation,DIGITAL MANUFACTURING SERVICES,MECHANICAL SERVICES,Jun,-1245.8559310400015
A77,Transportation,DIGITAL MANUFACTURING SERVICES,MECHANICAL SERVICES,May,17733.417832370003
A77,Transportation,DIGITAL MANUFACTURING SERVICES,PRODUCT LIFECYCLE MGMT,Apr,21956.22817966
A77,Transportation,DIGITAL MANUFACTURING SERVICES,PRODUCT LIFECYCLE MGMT,Jun,14818.37106729
A77,Transportation,DIGITAL MANUFACTURING SERVICES,PRODUCT LIFECYCLE MGMT,May,1267.331442529999
A77,Transportation,DIGITAL MANUFACTURING SERVICES,SMART MANUFACTURING & SOURCING,Apr,50155.16735031
A77,Transportation,DIGITAL MANUFACTURING SERVICES,SMART MANUFACTURING & SOURCING,Jun,86610.53470342
A77,Transportation,DIGITAL MANUFACTURING SERVICES,SMART MANUFACTURING & SOURCING,May,84447.76462403001
A77,Transportation,DIGITAL PRODUCTS & SERVICES,DIGITAL IP & MEDICAL,Apr,-21926.099085219998
A77,Transportation,DIGITAL PRODUCTS & SERVICES,DIGITAL IP & MEDICAL,Jun,0.0
A77,Transportation,DIGITAL PRODUCTS & SERVICES,DIGITAL IP & MEDICAL,May,81.4574357499987
A77,Transportation,DIGITAL PRODUCTS & SERVICES,DIGITAL PE & MOBILITY,Apr,89995.8001026
A77,Transportation,DIGITAL PRODUCTS & SERVICES,DIGITAL PE & MOBILITY,Jun,66671.61515529001
A77,Transportation,DIGITAL PRODUCTS & SERVICES,DIGITAL PE & MOBILITY,May,66552.2282123
A77,Transportation,EMBEDDED ENGINEERING AND V&V GROUP,EMBEDDED HW & SW ENGINEERING,Apr,14503.64066167
A77,Transportation,EMBEDDED ENGINEERING AND V&V GROUP,EMBEDDED HW & SW ENGINEERING,Jun,1703.6426572400014
A77,Transportation,EMBEDDED ENGINEERING AND V&V GROUP,EMBEDDED HW & SW ENGINEERING,May,2228.748570990001
A77,Transportation,EMBEDDED ENGINEERING AND V&V GROUP,V&V - M&T AND IP,Apr,21442.22160329
A77,Transportation,EMBEDDED ENGINEERING AND V&V GROUP,V&V - M&T AND IP,Jun,2257.3257083000026
A77,Transportation,EMBEDDED ENGINEERING AND V&V GROUP,V&V - M&T AND IP,May,23873.91091396
A77,Transportation,EMBEDDED ENGINEERING AND V&V GROUP,V&V - MEDICAL,Apr,9649.435650800002
A77,Transportation,EMBEDDED ENGINEERING AND V&V GROUP,V&V - MEDICAL,Jun,-14349.9969058
A77,Transportation,EMBEDDED ENGINEERING AND V&V GROUP,V&V - MEDICAL,May,7425.432330929999
A77,Transportation,EMBEDDED ENGINEERING AND V&V GROUP,V&V - TRANSPORTATION,Apr,10799.476511279998
A77,Transportation,EMBEDDED ENGINEERING AND V&V GROUP,V&V - TRANSPORTATION,Jun,23915.2531018
A77,Transportation,EMBEDDED ENGINEERING AND V&V GROUP,V&V - TRANSPORTATION,May,11024.07964734
A78,Transportation,AEROSPACE & RAIL,AEROSPACE & RAIL,Apr,171377.39308898
A78,Transportation,AEROSPACE & RAIL,AEROSPACE & RAIL,Jun,280803.74521176005
A78,Transportation,AEROSPACE & RAIL,AEROSPACE & RAIL,May,40854.75141973002
A78,Transportation,DIGITAL MANUFACTURING SERVICES,PRODUCT LIFECYCLE MGMT,Apr,6195.49411726
A78,Transportation,DIGITAL MANUFACTURING SERVICES,PRODUCT LIFECYCLE MGMT,May,-2971.61600874
A78,Transportation,DIGITAL PRODUCTS & SERVICES,DIGITAL PE & MOBILITY,Jun,15639.16137874
A78,Transportation,DIGITAL PRODUCTS & SERVICES,DIGITAL PE & MOBILITY,May,13536.84449855
A78,Transportation,EMBEDDED ENGINEERING AND V&V GROUP,V&V - TRANSPORTATION,Apr,21782.953384909997
A78,Transportation,EMBEDDED ENGINEERING AND V&V GROUP,V&V - TRANSPORTATION,Jun,24852.334567410002
A78,Transportation,EMBEDDED ENGINEERING AND V&V GROUP,V&V - TRANSPORTATION,May,27347.08534031
A80,Transportation,AEROSPACE & RAIL,AEROSPACE & RAIL,Apr,10590.474200820001
A80,Transportation,AEROSPACE & RAIL,AEROSPACE & RAIL,Jun,16107.42990964
A80,Transportation,AEROSPACE & RAIL,AEROSPACE & RAIL,May,10226.61744542
A80,Transportation,EMBEDDED ENGINEERING AND V&V GROUP,EMBEDDED HW & SW ENGINEERING,Apr,2488.03104229
A80,Transportation,EMBEDDED ENGINEERING AND V&V GROUP,EMBEDDED HW & SW ENGINEERING,Jun,-272.0800235500001
A80,Transportation,EMBEDDED ENGINEERING AND V&V GROUP,EMBEDDED HW & SW ENGINEERING,May,4580.71928793
A80,Transportation,EMBEDDED ENGINEERING AND V&V GROUP,V&V - TRANSPORTATION,Apr,8013.25843885
A80,Transportation,EMBEDDED ENGINEERING AND V&V GROUP,V&V - TRANSPORTATION,Jun,5655.494290320001
A80,Transportation,EMBEDDED ENGINEERING AND V&V GROUP,V&V - TRANSPORTATION,May,7005.90012917
A81,Media & Technology,DIGITAL PRODUCTS & SERVICES,DIGITAL COMMS. & TECH,Apr,4487.12245976
A81,Media & Technology,DIGITAL PRODUCTS & SERVICES,DIGITAL COMMS. & TECH,Jun,4468.9865
A81,Media & Technology,DIGITAL PRODUCTS & SERVICES,DIGITAL COMMS. & TECH,May,4468.9865
A81,Media & Technology,EMBEDDED ENGINEERING AND V&V GROUP,V&V - M&T AND IP,Apr,22317.826065520003
A81,Media & Technology,EMBEDDED ENGINEERING AND V&V GROUP,V&V - M&T AND IP,Jun,22309.180608000002
A81,Media & Technology,EMBEDDED ENGINEERING AND V&V GROUP,V&V - M&T AND IP,May,22309.180608000002
A81,Media & Technology,MEDIA,MEDIA,Apr,840832.07456564
A81,Media & Technology,MEDIA,MEDIA,Jun,871001.47926387
A81,Media & Technology,MEDIA,MEDIA,May,857918.13126448
A81,Media & Technology,SYSTEM INTEGRATION,SI - ENTERPRISES - LTTS,Apr,2437.629
A81,Media & Technology,SYSTEM INTEGRATION,SI - ENTERPRISES - LTTS,Jun,2437.629
A81,Media & Technology,SYSTEM INTEGRATION,SI - ENTERPRISES - LTTS,May,2437.629
A82,Transportation,AEROSPACE & RAIL,AEROSPACE & RAIL,Apr,1965.5333915700085
A82,Transportation,AEROSPACE & RAIL,AEROSPACE & RAIL,Jun,166992.05789083
A82,Transportation,AEROSPACE & RAIL,AEROSPACE & RAIL,May,102098.46557900001
A82,Transportation,DIGITAL MANUFACTURING SERVICES,MECHANICAL SERVICES,Apr,-4871.39029532
A82,Transportation,DIGITAL MANUFACTURING SERVICES,MECHANICAL SERVICES,Jun,14586.78818686
A82,Transportation,DIGITAL MANUFACTURING SERVICES,MECHANICAL SERVICES,May,0.0
A82,Transportation,DIGITAL MANUFACTURING SERVICES,PRODUCT LIFECYCLE MGMT,Apr,8775.4644
A82,Transportation,DIGITAL MANUFACTURING SERVICES,PRODUCT LIFECYCLE MGMT,Jun,17697.186540000002
A82,Transportation,DIGITAL MANUFACTURING SERVICES,PRODUCT LIFECYCLE MGMT,May,14333.25852
A82,Transportation,DIGITAL MANUFACTURING SERVICES,SMART MANUFACTURING & SOURCING,Apr,33548.3566383
A82,Transportation,DIGITAL MANUFACTURING SERVICES,SMART MANUFACTURING & SOURCING,Jun,45300.87295971
A82,Transportation,DIGITAL MANUFACTURING SERVICES,SMART MANUFACTURING & SOURCING,May,58702.0065264
A82,Transportation,DIGITAL PRODUCTS & SERVICES,DIGITAL IP & MEDICAL,Apr,0.5687800999994832
A82,Transportation,DIGITAL PRODUCTS & SERVICES,DIGITAL PE & MOBILITY,Apr,32087.92435182
A82,Transportation,DIGITAL PRODUCTS & SERVICES,DIGITAL PE & MOBILITY,Jun,27278.693595999997
A82,Transportation,DIGITAL PRODUCTS & SERVICES,DIGITAL PE & MOBILITY,May,13553.054731400001
A83,Media & Technology,DIGITAL PRODUCTS & SERVICES,DIGITAL COMMS. & TECH,Apr,9113.71792547
A83,Media & Technology,DIGITAL PRODUCTS & SERVICES,DIGITAL COMMS. & TECH,Jun,5745.970953370001
A83,Media & Technology,DIGITAL PRODUCTS & SERVICES,DIGITAL COMMS. & TECH,May,12318.103127420001
A83,Media & Technology,EMBEDDED ENGINEERING AND V&V GROUP,EMBEDDED HW & SW ENGINEERING,Apr,3130.28128035
A83,Media & Technology,EMBEDDED ENGINEERING AND V&V GROUP,EMBEDDED HW & SW ENGINEERING,Jun,3682.6073846
A83,Media & Technology,EMBEDDED ENGINEERING AND V&V GROUP,EMBEDDED HW & SW ENGINEERING,May,5708.10644957
A83,Media & Technology,EMBEDDED ENGINEERING AND V&V GROUP,V&V - M&T AND IP,Apr,47090.1982763
A83,Media & Technology,EMBEDDED ENGINEERING AND V&V GROUP,V&V - M&T AND IP,Jun,47316.02022686
A83,Media & Technology,EMBEDDED ENGINEERING AND V&V GROUP,V&V - M&T AND IP,May,45083.63146323
A83,Media & Technology,MEDIA,MEDIA,Apr,127456.10438725
A83,Media & Technology,MEDIA,MEDIA,Jun,136758.40541759
A83,Media & Technology,MEDIA,MEDIA,May,146505.4031064
A84,Transportation,AEROSPACE & RAIL,AEROSPACE & RAIL,Apr,61756.891941780006
A84,Transportation,AEROSPACE & RAIL,AEROSPACE & RAIL,Jun,150490.41461931
A84,Transportation,AEROSPACE & RAIL,AEROSPACE & RAIL,May,60564.06256692
A84,Transportation,DIGITAL MANUFACTURING SERVICES,MECHANICAL SERVICES,Apr,27579.38325858
A84,Transportation,DIGITAL MANUFACTURING SERVICES,MECHANICAL SERVICES,Jun,28812.92103774
A84,Transportation,DIGITAL MANUFACTURING SERVICES,MECHANICAL SERVICES,May,28957.44806115
A84,Transportation,EMBEDDED ENGINEERING AND V&V GROUP,EMBEDDED HW & SW ENGINEERING,Apr,112040.741727
A84,Transportation,EMBEDDED ENGINEERING AND V&V GROUP,EMBEDDED HW & SW ENGINEERING,Jun,96181.62495816
A84,Transportation,EMBEDDED ENGINEERING AND V&V GROUP,EMBEDDED HW & SW ENGINEERING,May,100408.86366480001
A84,Transportation,EMBEDDED ENGINEERING AND V&V GROUP,V&V - TRANSPORTATION,Apr,15507.431907580003
A84,Transportation,EMBEDDED ENGINEERING AND V&V GROUP,V&V - TRANSPORTATION,Jun,1712.7187625499992
A84,Transportation,EMBEDDED ENGINEERING AND V&V GROUP,V&V - TRANSPORTATION,May,25973.749538
A85,Transportation,AEROSPACE & RAIL,AEROSPACE & RAIL,Apr,110414.04689186
A85,Transportation,AEROSPACE & RAIL,AEROSPACE & RAIL,Jun,111415.85553285
A85,Transportation,AEROSPACE & RAIL,AEROSPACE & RAIL,May,127475.75167699001
A85,Transportation,DIGITAL MANUFACTURING SERVICES,MECHANICAL SERVICES,Apr,195184.41546318
A85,Transportation,DIGITAL MANUFACTURING SERVICES,MECHANICAL SERVICES,Jun,214974.1764928
A85,Transportation,DIGITAL MANUFACTURING SERVICES,MECHANICAL SERVICES,May,185398.60259526
A85,Transportation,DIGITAL MANUFACTURING SERVICES,SMART MANUFACTURING & SOURCING,Apr,28635.989799490002
A85,Transportation,DIGITAL MANUFACTURING SERVICES,SMART MANUFACTURING & SOURCING,Jun,-2708.278947869999
A85,Transportation,DIGITAL MANUFACTURING SERVICES,SMART MANUFACTURING & SOURCING,May,18439.48519765
A85,Transportation,DIGITAL PRODUCTS & SERVICES,ANALYTICS & AI,Apr,4510.88934251
A85,Transportation,DIGITAL PRODUCTS & SERVICES,ANALYTICS & AI,Jun,3828.84887374
A85,Transportation,DIGITAL PRODUCTS & SERVICES,ANALYTICS & AI,May,4267.3133274
A85,Transportation,DIGITAL PRODUCTS & SERVICES,DIGITAL IP & MEDICAL,Apr,0.0
A85,Transportation,DIGITAL PRODUCTS & SERVICES,DIGITAL PE & MOBILITY,Apr,44110.42433584
A85,Transportation,DIGITAL PRODUCTS & SERVICES,DIGITAL PE & MOBILITY,Jun,47959.35927254
A85,Transportation,DIGITAL PRODUCTS & SERVICES,DIGITAL PE & MOBILITY,May,51442.519852360005
A85,Transportation,EMBEDDED ENGINEERING AND V&V GROUP,V&V - TRANSPORTATION,Apr,20001.25784709
A85,Transportation,EMBEDDED ENGINEERING AND V&V GROUP,V&V - TRANSPORTATION,Jun,23866.97179674
A85,Transportation,EMBEDDED ENGINEERING AND V&V GROUP,V&V - TRANSPORTATION,May,30718.838149400002
A86,Transportation,AEROSPACE & RAIL,AEROSPACE & RAIL,Apr,59059.31418522
A86,Transportation,AEROSPACE & RAIL,AEROSPACE & RAIL,Jun,73141.70005397
A86,Transportation,AEROSPACE & RAIL,AEROSPACE & RAIL,May,70387.4311723
A86,Transportation,DIGITAL MANUFACTURING SERVICES,SMART MANUFACTURING & SOURCING,Apr,8284.038393600002
A86,Transportation,DIGITAL MANUFACTURING SERVICES,SMART MANUFACTURING & SOURCING,Jun,9868.0097178
A86,Transportation,DIGITAL MANUFACTURING SERVICES,SMART MANUFACTURING & SOURCING,May,9183.5234946
A86,Transportation,DIGITAL PRODUCTS & SERVICES,ANALYTICS & AI,Apr,10996.48568706
A86,Transportation,DIGITAL PRODUCTS & SERVICES,ANALYTICS & AI,Jun,10512.56757798
A86,Transportation,DIGITAL PRODUCTS & SERVICES,ANALYTICS & AI,May,9386.01733563
A86,Transportation,DIGITAL PRODUCTS & SERVICES,DIGITAL IP & MEDICAL,Apr,0.0
A86,Transportation,DIGITAL PRODUCTS & SERVICES,DIGITAL IP & MEDICAL,Jun,2295.88087365
A86,Transportation,DIGITAL PRODUCTS & SERVICES,DIGITAL IP & MEDICAL,May,1967.8978917000002
A86,Transportation,DIGITAL PRODUCTS & SERVICES,DIGITAL PE & MOBILITY,Apr,51961.312307
A86,Transportation,DIGITAL PRODUCTS & SERVICES,DIGITAL PE & MOBILITY,Jun,52478.63405881
A86,Transportation,DIGITAL PRODUCTS & SERVICES,DIGITAL PE & MOBILITY,May,50435.795326219995
A86,Transportation,EMBEDDED ENGINEERING AND V&V GROUP,V&V - TRANSPORTATION,Apr,9425.97007494
A86,Transportation,EMBEDDED ENGINEERING AND V&V GROUP,V&V - TRANSPORTATION,Jun,9443.057854229999
A86,Transportation,EMBEDDED ENGINEERING AND V&V GROUP,V&V - TRANSPORTATION,May,9716.85234351
A87,Transportation,AEROSPACE & RAIL,AEROSPACE & RAIL,Apr,10592.05053424
A87,Transportation,AEROSPACE & RAIL,AEROSPACE & RAIL,Jun,267445.47328832
A87,Transportation,AEROSPACE & RAIL,AEROSPACE & RAIL,May,77255.10148631
A87,Transportation,DIGITAL MANUFACTURING SERVICES,MECHANICAL SERVICES,Apr,38942.130828320005
A87,Transportation,DIGITAL MANUFACTURING SERVICES,MECHANICAL SERVICES,Jun,39778.08319215001
A87,Transportation,DIGITAL MANUFACTURING SERVICES,MECHANICAL SERVICES,May,100882.37309805001
A87,Transportation,DIGITAL MANUFACTURING SERVICES,PRODUCT LIFECYCLE MGMT,Apr,1092.5696940900002
A87,Transportation,DIGITAL MANUFACTURING SERVICES,PRODUCT LIFECYCLE MGMT,Jun,1048.3592294600007
A87,Transportation,DIGITAL MANUFACTURING SERVICES,PRODUCT LIFECYCLE MGMT,May,1287.43375635
A87,Transportation,EMBEDDED ENGINEERING AND V&V GROUP,V&V - TRANSPORTATION,Apr,222.92117205000002
A87,Transportation,EMBEDDED ENGINEERING AND V&V GROUP,V&V - TRANSPORTATION,Jun,1714.7419946200002
A87,Transportation,EMBEDDED ENGINEERING AND V&V GROUP,V&V - TRANSPORTATION,May,1709.51734313
A88,Transportation,AEROSPACE & RAIL,AEROSPACE & RAIL,Apr,2699.15408998
A88,Transportation,AEROSPACE & RAIL,AEROSPACE & RAIL,Jun,3272.14316272
A88,Transportation,AEROSPACE & RAIL,AEROSPACE & RAIL,May,4310.34560468
A89,Plant Engineering,FMCG,FMCG,Apr,4.37960677
A89,Plant Engineering,FMCG,FMCG,Jun,6505.463020900001
A89,Plant Engineering,FMCG,FMCG,May,4064.40508944
A9,Plant Engineering,FMCG,FMCG,Apr,14014.741664000001
A9,Plant Engineering,FMCG,FMCG,Jun,12740.67424
A9,Plant Engineering,FMCG,FMCG,May,12103.640528
A90,Media & Technology,MEDIA,MEDIA,Apr,3510.18576
A90,Media & Technology,MEDIA,MEDIA,Jun,0.0
A90,Media & Technology,MEDIA,MEDIA,May,3510.18576
A91,Transportation,AEROSPACE & RAIL,AEROSPACE & RAIL,Apr,120371.92386546
A91,Transportation,AEROSPACE & RAIL,AEROSPACE & RAIL,Jun,108354.62415664
A91,Transportation,AEROSPACE & RAIL,AEROSPACE & RAIL,May,108175.90532379
A91,Transportation,DIGITAL MANUFACTURING SERVICES,MECHANICAL SERVICES,Apr,267914.41622991
A91,Transportation,DIGITAL MANUFACTURING SERVICES,MECHANICAL SERVICES,Jun,1032203.90014051
A91,Transportation,DIGITAL MANUFACTURING SERVICES,MECHANICAL SERVICES,May,207771.6328322
A91,Transportation,DIGITAL MANUFACTURING SERVICES,PRODUCT LIFECYCLE MGMT,Apr,63964.79878482001
A91,Transportation,DIGITAL MANUFACTURING SERVICES,PRODUCT LIFECYCLE MGMT,Jun,57529.06007875001
A91,Transportation,DIGITAL MANUFACTURING SERVICES,PRODUCT LIFECYCLE MGMT,May,55103.2535794
A91,Transportation,DIGITAL MANUFACTURING SERVICES,SMART MANUFACTURING & SOURCING,Apr,129301.21078079
A91,Transportation,DIGITAL MANUFACTURING SERVICES,SMART MANUFACTURING & SOURCING,Jun,90573.15253125
A91,Transportation,DIGITAL MANUFACTURING SERVICES,SMART MANUFACTURING & SOURCING,May,158876.99593951
A91,Transportation,DIGITAL PRODUCTS & SERVICES,DIGITAL IP & MEDICAL,Apr,6.928158313712627e-13
A91,Transportation,DIGITAL PRODUCTS & SERVICES,DIGITAL IP & MEDICAL,Jun,-4029.7745067800006
A91,Transportation,DIGITAL PRODUCTS & SERVICES,DIGITAL IP & MEDICAL,May,12391.33762801
A91,Transportation,DIGITAL PRODUCTS & SERVICES,DIGITAL PE & MOBILITY,Apr,53274.8693208
A91,Transportation,DIGITAL PRODUCTS & SERVICES,DIGITAL PE & MOBILITY,Jun,76261.75141795
A91,Transportation,DIGITAL PRODUCTS & SERVICES,DIGITAL PE & MOBILITY,May,40615.46563166
A91,Transportation,EMBEDDED ENGINEERING AND V&V GROUP,EMBEDDED HW & SW ENGINEERING,Apr,65559.82069382
A91,Transportation,EMBEDDED ENGINEERING AND V&V GROUP,EMBEDDED HW & SW ENGINEERING,Jun,104463.23384819
A91,Transportation,EMBEDDED ENGINEERING AND V&V GROUP,EMBEDDED HW & SW ENGINEERING,May,74528.37781234
A91,Transportation,EMBEDDED ENGINEERING AND V&V GROUP,V&V - TRANSPORTATION,Apr,425989.87912707
A91,Transportation,EMBEDDED ENGINEERING AND V&V GROUP,V&V - TRANSPORTATION,Jun,507404.53448812
A91,Transportation,EMBEDDED ENGINEERING AND V&V GROUP,V&V - TRANSPORTATION,May,657435.73230555
A92,Media & Technology,EMBEDDED ENGINEERING AND V&V GROUP,V&V - M&T AND IP,Apr,41813.50340715
A92,Media & Technology,EMBEDDED ENGINEERING AND V&V GROUP,V&V - M&T AND IP,Jun,55218.21216304
A92,Media & Technology,EMBEDDED ENGINEERING AND V&V GROUP,V&V - M&T AND IP,May,57144.45910056
A92,Media & Technology,MEDIA,MEDIA,Apr,186377.95254773
A92,Media & Technology,MEDIA,MEDIA,Jun,207681.21304716
A92,Media & Technology,MEDIA,MEDIA,May,278531.44433597
A93,Media & Technology,MEDIA,MEDIA,Apr,4092.13718203
A93,Media & Technology,MEDIA,MEDIA,Jun,3808.389041
A93,Media & Technology,MEDIA,MEDIA,May,4231.55330997
A94,Transportation,AEROSPACE & RAIL,AEROSPACE & RAIL,Apr,32776.9283141
A94,Transportation,AEROSPACE & RAIL,AEROSPACE & RAIL,Jun,35440.623027559996
A94,Transportation,AEROSPACE & RAIL,AEROSPACE & RAIL,May,31336.11081564
A94,Transportation,EMBEDDED ENGINEERING AND V&V GROUP,V&V - TRANSPORTATION,Apr,1923.4599150299998
A94,Transportation,EMBEDDED ENGINEERING AND V&V GROUP,V&V - TRANSPORTATION,Jun,3813.47556018
A94,Transportation,EMBEDDED ENGINEERING AND V&V GROUP,V&V - TRANSPORTATION,May,2642.49546659
A95,Transportation,AEROSPACE & RAIL,AEROSPACE & RAIL,Apr,38801.439007869994
A95,Transportation,AEROSPACE & RAIL,AEROSPACE & RAIL,Jun,39329.00692691
A95,Transportation,AEROSPACE & RAIL,AEROSPACE & RAIL,May,43280.102895
A95,Transportation,DIGITAL MANUFACTURING SERVICES,MECHANICAL SERVICES,Jun,-891.62781019
A95,Transportation,DIGITAL MANUFACTURING SERVICES,MECHANICAL SERVICES,May,891.62781019
A95,Transportation,EMBEDDED ENGINEERING AND V&V GROUP,EMBEDDED HW & SW ENGINEERING,May,148115.6195695
A95,Transportation,EMBEDDED ENGINEERING AND V&V GROUP,V&V - TRANSPORTATION,Apr,175937.84755449
A95,Transportation,EMBEDDED ENGINEERING AND V&V GROUP,V&V - TRANSPORTATION,Jun,155089.269867
A95,Transportation,EMBEDDED ENGINEERING AND V&V GROUP,V&V - TRANSPORTATION,May,6152.071819339999
A96,Transportation,AEROSPACE & RAIL,AEROSPACE & RAIL,Apr,102926.32501455
A96,Transportation,AEROSPACE & RAIL,AEROSPACE & RAIL,Jun,125132.1095258
A96,Transportation,AEROSPACE & RAIL,AEROSPACE & RAIL,May,125387.85743505
A96,Transportation,DIGITAL PRODUCTS & SERVICES,DIGITAL PE & MOBILITY,Jun,3148.4903689800003
A96,Transportation,DIGITAL PRODUCTS & SERVICES,DIGITAL PE & MOBILITY,May,979.5205865
A96,Transportation,EMBEDDED ENGINEERING AND V&V GROUP,V&V - M&T AND IP,Jun,-974.49907076
A96,Transportation,EMBEDDED ENGINEERING AND V&V GROUP,V&V - M&T AND IP,May,974.49907076
A96,Transportation,EMBEDDED ENGINEERING AND V&V GROUP,V&V - TRANSPORTATION,Jun,977.18858809
A97,Transportation,AEROSPACE & RAIL,AEROSPACE & RAIL,Apr,14619.57429691
A97,Transportation,AEROSPACE & RAIL,AEROSPACE & RAIL,Jun,-2652.89601699
A97,Transportation,AEROSPACE & RAIL,AEROSPACE & RAIL,May,7242.28513873
A97,Transportation,EMBEDDED ENGINEERING AND V&V GROUP,EMBEDDED HW & SW ENGINEERING,Apr,1.76321831
A97,Transportation,EMBEDDED ENGINEERING AND V&V GROUP,EMBEDDED HW & SW ENGINEERING,Jun,7.6054024799999995
A97,Transportation,EMBEDDED ENGINEERING AND V&V GROUP,EMBEDDED HW & SW ENGINEERING,May,0.06500344000000008
A97,Transportation,EMBEDDED ENGINEERING AND V&V GROUP,V&V - TRANSPORTATION,Apr,4680.694578649999
A97,Transportation,EMBEDDED ENGINEERING AND V&V GROUP,V&V - TRANSPORTATION,Jun,-5778.9195720200005
A97,Transportation,EMBEDDED ENGINEERING AND V&V GROUP,V&V - TRANSPORTATION,May,-5801.264504520001
A99,Plant Engineering,FMCG,FMCG,Jun,11658.48884545
A99,Plant Engineering,FMCG,FMCG,May,18314.044809310002
